-- Users
INSERT INTO users (id, username, email, role, status, full_name, position, security_option, totp_secret, password, password_salt, created_at, updated_at)
VALUES ('01JAB9XED0GTXBSQDFVYAJ8WA1', 'tiendc', 'tiendc@gmail.com', 'admin', 'active', 'Tien DC', 'manager', 'password-only', NULL,
        '\x9e3e99b9f3ba5e6b934715e887cf423e5cfa80259ccb77ed5681e158b0fc0c8e',	'\x1a8594be97a4ddc71c86f19e3cf9f10c',
        '2025-10-01 00:00:00', '2025-10-01 00:00:00'),
       ('01JAB9XED0GTXBSQDFVYAJ8WA2', 'member1', 'member1@domain.name', 'member', 'active', 'Member 1', 'devops', 'password-only', NULL,
        '\x9e3e99b9f3ba5e6b934715e887cf423e5cfa80259ccb77ed5681e158b0fc0c8e',	'\x1a8594be97a4ddc71c86f19e3cf9f10c',
        '2025-10-01 00:00:00', '2025-10-01 00:00:00'),
       ('01JAB9XED0GTXBSQDFVYAJ8WA3', 'member2', 'member2@domain.name', 'member', 'active', 'Member 2', 'developer', 'password-only', NULL,
        '\x9e3e99b9f3ba5e6b934715e887cf423e5cfa80259ccb77ed5681e158b0fc0c8e',	'\x1a8594be97a4ddc71c86f19e3cf9f10c',
        '2025-10-01 00:00:00', '2025-10-01 00:00:00'),
       ('01JAB9XED0GTXBSQDFVYAJ8WA4', 'member3', 'member3@domain.name', 'member', 'active', 'Member 3', NULL, 'password-2fa', 'AAAAAAAAAAAAAAAAAAAA',
        '\x9e3e99b9f3ba5e6b934715e887cf423e5cfa80259ccb77ed5681e158b0fc0c8e',	'\x1a8594be97a4ddc71c86f19e3cf9f10c',
        '2025-10-01 00:00:00', '2025-10-01 00:00:00'),
       ('01JAB9XED0GTXBSQDFVYAJ8WA5', 'member4', 'member4@domain.name', 'member', 'pending', 'Member 4', NULL, 'password-2fa', NULL,
        '\x9e3e99b9f3ba5e6b934715e887cf423e5cfa80259ccb77ed5681e158b0fc0c8e',	'\x1a8594be97a4ddc71c86f19e3cf9f10c',
        '2025-10-01 00:00:00', '2025-10-01 00:00:00'),
       ('01JAB9XED0GTXBSQDFVYAJ8WA6', 'member5', 'member5@domain.name', 'member', 'pending', 'Member 5', NULL, 'password-2fa', NULL,
        '\x9e3e99b9f3ba5e6b934715e887cf423e5cfa80259ccb77ed5681e158b0fc0c8e',	'\x1a8594be97a4ddc71c86f19e3cf9f10c',
        '2025-10-01 00:00:00', '2025-10-01 00:00:00'),
       ('01JAB9XED0GTXBSQDFVYAJ8WA7', 'admin1', 'admin1@domain.name', 'admin', 'active', 'Admin 1', 'developer', 'password-only', NULL,
        '\x9e3e99b9f3ba5e6b934715e887cf423e5cfa80259ccb77ed5681e158b0fc0c8e',	'\x1a8594be97a4ddc71c86f19e3cf9f10c',
        '2025-10-01 00:00:00', '2025-10-01 00:00:00')
ON CONFLICT DO NOTHING;

INSERT INTO projects (id, name, key, status, owner_id, created_at, updated_at)
VALUES ('01JAB9XED0GTXBSQDFVYAJ8WB1', 'Project A', 'project_a', 'active', '01JAB9XED0GTXBSQDFVYAJ8WA1',
        '2025-10-01 00:00:00', '2025-10-01 00:00:00'),
       ('01JAB9XED0GTXBSQDFVYAJ8WB2', 'Project B', 'project_b', 'active', '01JAB9XED0GTXBSQDFVYAJ8WA1',
        '2025-10-01 00:00:00', '2025-10-01 00:00:00'),
       ('01JAB9XED0GTXBSQDFVYAJ8WB3', 'Project C', 'project_c', 'locked', '01JAB9XED0GTXBSQDFVYAJ8WA1',
        '2025-10-01 00:00:00', '2025-10-01 00:00:00')
ON CONFLICT DO NOTHING;

INSERT INTO project_tags (project_id, tag, display_order)
VALUES ('01JAB9XED0GTXBSQDFVYAJ8WB1', 'tag 1', 0),
       ('01JAB9XED0GTXBSQDFVYAJ8WB1', 'Tag 2', 1),
       ('01JAB9XED0GTXBSQDFVYAJ8WB2', 'Tag 3', 0),
       ('01JAB9XED0GTXBSQDFVYAJ8WB2', 'my tag', 1)
ON CONFLICT DO NOTHING;

INSERT INTO apps (id, name, key, status, project_id, created_at, updated_at)
VALUES ('01JAB9XED0GTXBSQDFVYAJ8WD1', 'Backend', 'project_a__backend', 'active', '01JAB9XED0GTXBSQDFVYAJ8WB1',
        '2025-10-01 00:00:00', '2025-10-01 00:00:00'),
       ('01JAB9XED0GTXBSQDFVYAJ8WD2', 'Frontend', 'project_a__frontend', 'active', '01JAB9XED0GTXBSQDFVYAJ8WB1',
        '2025-10-01 00:00:00', '2025-10-01 00:00:00'),
       ('01JAB9XED0GTXBSQDFVYAJ8WD3', 'Redis', 'project_a__redis', 'active', '01JAB9XED0GTXBSQDFVYAJ8WB1',
        '2025-10-01 00:00:00', '2025-10-01 00:00:00'),
       ('01JAB9XED0GTXBSQDFVYAJ8WD4', 'Postgres', 'project_a__db', 'active', '01JAB9XED0GTXBSQDFVYAJ8WB1',
        '2025-10-01 00:00:00', '2025-10-01 00:00:00'),
       ('01JAB9XED0GTXBSQDFVYAJ8WD5', 'Backend', 'project_b__backend', 'active', '01JAB9XED0GTXBSQDFVYAJ8WB2',
        '2025-10-01 00:00:00', '2025-10-01 00:00:00'),
       ('01JAB9XED0GTXBSQDFVYAJ8WD6', 'Frontend', 'project_b__frontend', 'active', '01JAB9XED0GTXBSQDFVYAJ8WB2',
        '2025-10-01 00:00:00', '2025-10-01 00:00:00')
ON CONFLICT DO NOTHING;

INSERT INTO app_tags (app_id, tag, display_order)
VALUES ('01JAB9XED0GTXBSQDFVYAJ8WD1', 'tag 1', 0),
       ('01JAB9XED0GTXBSQDFVYAJ8WD1', 'Tag 2', 1),
       ('01JAB9XED0GTXBSQDFVYAJ8WD2', 'Tag 3', 0),
       ('01JAB9XED0GTXBSQDFVYAJ8WD2', 'my tag', 1)
ON CONFLICT DO NOTHING;

INSERT INTO acl_permissions (subject_type, subject_id, resource_type, resource_id, action_read, action_write, action_delete, created_at, updated_at)
VALUES ('user', '01JAB9XED0GTXBSQDFVYAJ8WA1', 'project', '01JAB9XED0GTXBSQDFVYAJ8WB1', true, true, true,
        '2025-10-01 00:00:00', '2025-10-01 00:00:00'),
       ('user', '01JAB9XED0GTXBSQDFVYAJ8WA2', 'project', '01JAB9XED0GTXBSQDFVYAJ8WB1', true, true, false,
        '2025-10-01 00:00:00', '2025-10-01 00:00:00'),
       ('user', '01JAB9XED0GTXBSQDFVYAJ8WA3', 'project', '01JAB9XED0GTXBSQDFVYAJ8WB1', true, false, false,
        '2025-10-01 00:00:00', '2025-10-01 00:00:00'),
       ('user', '01JAB9XED0GTXBSQDFVYAJ8WA4', 'project', '01JAB9XED0GTXBSQDFVYAJ8WB1', true, true, false,
        '2025-10-01 00:00:00', '2025-10-01 00:00:00'),
       ('user', '01JAB9XED0GTXBSQDFVYAJ8WA1', 'project', '01JAB9XED0GTXBSQDFVYAJ8WB2', true, true, true,
        '2025-10-01 00:00:00', '2025-10-01 00:00:00'),
       ('user', '01JAB9XED0GTXBSQDFVYAJ8WA2', 'project', '01JAB9XED0GTXBSQDFVYAJ8WB1', true, true, true,
        '2025-10-01 00:00:00', '2025-10-01 00:00:00'),
       ('user', '01JAB9XED0GTXBSQDFVYAJ8WA2', 'project', '01JAB9XED0GTXBSQDFVYAJ8WB2', true, true, false,
        '2025-10-01 00:00:00', '2025-10-01 00:00:00'),
       ('user', '01JAB9XED0GTXBSQDFVYAJ8WA1', 'app', '01JAB9XED0GTXBSQDFVYAJ8WD1', true, true, true,
        '2025-10-01 00:00:00', '2025-10-01 00:00:00'),
       ('user', '01JAB9XED0GTXBSQDFVYAJ8WA2', 'app', '01JAB9XED0GTXBSQDFVYAJ8WD1', false, false, false,
        '2025-10-01 00:00:00', '2025-10-01 00:00:00'),
       ('user', '01JAB9XED0GTXBSQDFVYAJ8WA2', 'module', 'mod::user', true, true, false,
        '2025-10-01 00:00:00', '2025-10-01 00:00:00'),
       ('user', '01JAB9XED0GTXBSQDFVYAJ8WA2', 'module', 'mod::project', true, true, true,
        '2025-10-01 00:00:00', '2025-10-01 00:00:00'),
       ('user', '01JAB9XED0GTXBSQDFVYAJ8WA2', 'module', 'mod::settings', true, true, true,
        '2025-10-01 00:00:00', '2025-10-01 00:00:00'),
       ('user', '01JAB9XED0GTXBSQDFVYAJ8WA2', 'module', 'mod::provider', true, true, true,
        '2025-10-01 00:00:00', '2025-10-01 00:00:00'),
       ('user', '01JAB9XED0GTXBSQDFVYAJ8WA2', 'module', 'mod::cluster', true, true, true,
        '2025-10-01 00:00:00', '2025-10-01 00:00:00')
ON CONFLICT DO NOTHING;

-- Settings: Providers
INSERT INTO settings (id, type, kind, name, status, avail_in_projects, data, created_at, updated_at)
VALUES ('01JAB9XED0GTXBSQDFVYAJ8WE1', 'oauth', 'github', 'Github', 'active', true,
        '{"org": "localpaas-test", "clientId": "Ov23lirztQpWxZTKNcTQ", "clientSecret": "lpsalt:i+NlaPQDkZ5LZQ== ITUM2K0dxQTb5D0DvCeEiHlO1vWzL5807TPfKH0E/37TBOoowSgogEYIp7leyYL7QGEfPDpM2cxb3+8fnlAeU6qlNQc="}',
        '2025-10-01 00:00:00', '2025-10-01 00:00:00'),
       ('01JAB9XED0GTXBSQDFVYAJ8WE2', 'oauth', 'gitlab', 'Gitlab', 'active', true,
        '{"org": "localpaas-test", "scopes": ["read_user", "openid", "profile", "email"], "clientId": "e675caa20a165c7ede6430bffcab512300d45bf0a9dd2da2acd122eb01995b69", "clientSecret": "lpsalt:exjDAd0nCxKxIw== erFzdQnYN1YEO6x8SnLcKxABt98TDSwfnfoYEhXfFR1dBhXt8CO9WAJHM8Yif+ANIZ+8ujvK+A/XFcYmDrDnuMGeCq1CUeralkf5KKklZgSWBL4ovmDhwMC2HMjMYFZBUA4="}',
        '2025-10-01 00:00:00', '2025-10-01 00:00:00'),
       ('01JAB9XED0GTXBSQDFVYAJ8WE3', 'oauth', 'gitlab-custom', 'Our Gitlab', 'active', true,
        '{"org": "localpaas-test", "scopes": ["read_user", "openid", "profile", "email"], "authURL": "https://gitlab.com/oauth/authorize", "clientId": "7e838ca826d84ebacaa778ad95ba97e13193480f729b367c098b37145eea1970", "tokenURL": "https://gitlab.com/oauth/token", "profileURL": "https://gitlab.com/api/v3/user", "clientSecret": "lpsalt:ghfPLkgStszb1Q== i/sa+hSF89q+UI+w6BF9FBc0HU1+X4KWrrU9qqN0h2uZITxElaXW2SJvyQvI4LsoRRvRduecEHC/Us2do6AFyhTFc3i0wmhPd1/FFDL0FzTQW66z8m+/KRjz8K0lPvxCHJY="}',
        '2025-10-01 00:00:00', '2025-10-01 00:00:00'),
       ('01JAB9XED0GTXBSQDFVYAJ8WE4', 'oauth', 'gitea', 'Gitea', 'active', true,
        '{"org": "localpaas-test", "clientId": "59140514-9f0f-4198-b13a-f5a958d0d024", "clientSecret": "lpsalt:8QaqYOW1kPxoFA== jYU8xNyQCTacGB+cNmEUKYeM6WFkbEYizYFEAcf8x90quocKHuOW2Hif1WWDhZcR15B71YuUpjJSUjx0juNL48EYmosDhd0Im9qeIUqF/xeIESgP"}',
        '2025-10-01 00:00:00', '2025-10-01 00:00:00'),
       ('01JAB9XED0GTXBSQDFVYAJ8WE5', 'oauth', 'google', 'Google', 'active', true,
        '{"org": "localpaas-test", "clientId": "405460302846-8sk3j75rd5jonn9jfheis9coatkdn4jh.apps.googleusercontent.com", "clientSecret": "lpsalt:Y5ZYgPBmj1dfgw== DPKqVXvFlKC0DCkBRkzK3rWd4W8HTaIMJxLJKjriXtwKMTRVmxPd6fmHN1gBP8K3T7gIc0zvTuFohl3hYVgI"}',
        '2025-10-01 00:00:00', '2025-10-01 00:00:00'),
       ('01JAB9XED0GTXBSQDFVYAJ8WF1', 'ssh-key', NULL, 'ssh-key srv 2', 'active', true,
        '{"privateKey": "lpsalt:zaPpoaE4yijCMg== 01gk7TPlyC1TjWhr6GNrab2RNQSk1c1L8YxNs6dRuWA8uAS73567W/qIOAXnq6kOsM57GEjQ3GuH+m2U6LNZ+dGRRtrVsrGmdaQYUuMiAP6eCMHGrEdRrBcfEvWfK3t5MnHEqnkouYlQc+FynuliI8phqWU6ITBWYynaCnsh8eBoPoO9g6ZOLwyVAggEfcVHynv0RulX2X+T/FwLztIAG3Job7ULVE1r53rKALp4IUVUJ/CXzxGp9JJJFQhagokSp/hZY65EWKCB+8z+RlDfz0pkNx6ZhTSP3nmv1a9I9D0KykI79A9wPPa7KMdGanFE13r4tXNaGHGFeCHWM+bA4PgoYOC/d9qFE5Qx7yD9GE8bmBMpVh4ArWG1N22hMSWeYo2niWhGpi6u1nwDjCNrlOGl5HL6mOE5jlxp9glqfY4gD/Vtu0qIV7nkX6fJAVSs8GIgoWgwQO/gUcGNu9tR6RXp7gD2jtN+tSy6QpX1UtsZEere56LJuF0vAUyRIqSDYHCvchchul+GObj06he3cmZS8Koqsd5qI/iTKtEsAAt/9BW3Wjq3vwROy8wgqpynssE5JV6w"}',
        '2025-10-01 00:00:00', '2025-10-01 00:00:00'),
       ('01JAB9XED0GTXBSQDFVYAJ8WF2', 'ssh-key', NULL, 'ssh-key srv 2 with passphrase', 'active', true,
        '{"passphrase": "lpsalt:rHHxHbmV9Qx+hw== ffetB1FLIKffsFC1Gs3JVrUaB1oHIUvH3QwBuDMJwXFENg==", "privateKey": "lpsalt:8xPNWZPCzSnqvw== rdNzO68zrXA+ULr4VFpsaGowgI4evk3imiKg6V4An3T3qD8FEyapqLFhA2jsyotgbOJp1RV2iBgLRdZJW/Ovn1tKIsEUNkbx0wt1dPQf8Tgrnp78/Gff0BDt27lXatmRzSzV7L3ixTEah/MbZ4eUgZtwpYMeRGvGQfgwXPEVgvzq9RTGDbUm+00SWOZz96Y7m3eil3iH1di3AiGzYvt2L9PcaDTTAFAxY9v1Ru3cY7p3z9LlW91tiFU/gc7ywVaZDhxzf6nlZCLRl5tnq1EOI9gRFF9K0MOZvp/YMKvtHBBxn+8kx97V2Vs9ukCYdXkF9fQ7ddbcA6+0sDePIq7YCEyLdKzcBAg2NYyjpZsaEZaDQtlo9ZOYDoxi1cy9R6BZLfchFCdKSQgST07mAvRPE9x2hwJTT0NTO1GyJwBnyYJvjpmlL42nW1p3IW75kuaD+pgZqbRUxWVuyXMs4EAsHFV7xOXsBAqotxEZ6RwOrZGsw2plBEpLu+/auilCdOlsvBp0mT3A+ocAXULUByQ7LwYi76Rwzru0JOjKjMUCG99OqKc2WCwTulrm2cVrszsn5aK7kqVweFejlzRhkl2UXQSYi9nj/hD3tPhImML+3YRmub8uHzIRBIwli4DNz+Azk1jgSaztuqFxKhI="}',
        '2025-10-01 00:00:00', '2025-10-01 00:00:00'),
       ('01JAB9XED0GTXBSQDFVYAJ8WG1', 'registry-auth', 'docker.io', 'docker.io 1', 'active', true,
        '{"address": "docker.io", "password": "lpsalt:7rJsK4//cIqCKw== SxnfW00e9UueetjGT0dpuC9pUqqWR3fEiX1w+YZAo6N4E9+bNp3itGnvWR5tyblz1lJwjWAXnleyXiqtk4Rxsw==", "username": "localpaastest"}',
        '2025-10-01 00:00:00', '2025-10-01 00:00:00'),
       ('01JAB9XED0GTXBSQDFVYAJ8WG2', 'registry-auth', 'docker.io', 'docker.io ro', 'active', true,
        '{"address": "docker.io", "password": "lpsalt:xpbKUbDCp7mDbQ== zzzou62KRIRxm5mfg4FFWivJGaVH19FhuglZa2bfOAhM7UDsxfCx2Z4HnRJUOqSPv3Nc/AEb9iCzrFzvd5sFNA==", "username": "localpaastest"}',
        '2025-10-01 00:00:00', '2025-10-01 00:00:00'),
       ('01JAB9XED0GTXBSQDFVYAJ8WH1', 'slack', NULL, 'webhook 1', 'active', true,
        '{"webhook": "lpsalt:DZo0n5FM9NmYuA== fWmMb9cLMAjgsYuaH4CJTeA74SDvHXko7EPNv1LCv5o9XSmhRdi88PKb3GYPipq7pk/GErXEX9OIc5oaJ3K4GZXQk9dTAo6wqhiSke8Db3LvP/iNdnieWaZEyOIyGTSOjMLSSRsqXTlCmcTFfQ=="}',
        '2025-10-01 00:00:00', '2025-10-01 00:00:00'),
       ('01JAB9XED0GTXBSQDFVYAJ8WI1', 'discord', NULL, 'webhook 1', 'active', true,
        '{"webhook": "lpsalt:Kbdv16CTSIEPug== SwC3ghbKUQ7Lbq87+rQFH0JHUuM6/g6ZpiiSfxF1Q/R9RxLS7AbnqFOe486Y2LtP38T9ePG5Vjw7ieqLKAVq+2kkiVDSjMejOqe872a2Op3EPM4Idl73+0XJDLN+2MkzEbMHsnqlTpr9ddskzUdhPXdV8hTPKgJ5gFgX73ffv2r8B74bVqDZrhqxoqKsbg4Ft4Rm9XU="}',
        '2025-10-01 00:00:00', '2025-10-01 00:00:00'),
       ('01JAB9XED0GTXBSQDFVYAJ8WJ1', 'github-app', 'github-app', 'localpaas-test', 'active', true,
        '{"org": "localpaas-test", "appId": 2258661, "installationId": 96871321, "clientId": "Iv23liObQsEr3GigALXt", "privateKey": "lpsalt:A/GRN+CXoIFs9g== RmWggP8UjlnC5EPlX4K8Sre/hCzyJj3YQtetR94ja7DCW++tUMoCytg8wtamYm+HlWQcm/rMgcIKaMDDtu++nGvFRv/UmAV/8aN/3qhkETKSIqc7EBqaZXMedFvjH7KJptCuJdkHJT9BZ7ASD8naWtSdkpLDogi2Xhu5y3rq+KYUJHIrOPxc7Ity95w2U+9wR3nk/QMSTKrNxz7BMl5KXFF0aSkF1LGL83FaHYYYT/SGrV61q2okxNEW3d2k8JRruJC7SvEfcsizX0ld3Hghp863eP8d8Uhq+2ecYxxTM+zCmLtYIZSKhHJWOhSbeiPk5RQPxb7CPca6Aov5I9ihL7Wtgmny8+sMqX1F0sXDFiyiH3HJ98p9NzFQD/DeJI0qimm/tczdpz3qVAsVzJP2DNuzJm+ijEmEWQwrTXDoUzCqkDTyyh07S15qjKYj0jJYMUFIQ5IXRA3oS2xD+z4s2SmqcNwij42SHktSulKA6/zYFTjMW0zA9l+HE++DRqCMyt3EB/NbOHnXCpY2LIPvN6y5ocKDnK8KjXUEdRDuN9GbfZOX9jMQGoHX5lavUxA6Exao7ujU6GUU0RvyrUXJjasIaDjzOYt8Jco2MRFbApGFK1z7Ebccbpvn4lR6rkjQ28VeBZW9sDZoIursLOZuptuZQs81a5+qVu1xT+W/PISP/NnxuHLnDWFv4p3jtjh5cogXhkWqNJvMVG+Ovvf8ygSSu5zB6A5dWbg96Hq21YdTRxAz6wtr6oum9BmgFGZzJgjv9C1pEIEJvggwH0WjX4D674sDDiZ2ctPXC9ezM/MX+eH+YcQxCqfTUjBKIuB9qPhNmcQ8CcuEngk7aTVIYHBJ5B00hUESv7IJMna27OvnGWlCxnYiXY/FHWvQLcR8VjGs8EFy0JGiXEVC2qAH6W20e78WiZAS3YhGV3yqRxCXCCJxf9FEeL60S6j4ABAlGCJ91nYxQx8Kx8Kbt8HPrq11HStZg6acpyt91ubkVvyD1/2BYk7qqrvFzLnN48davs0D+JqLPzC8/wO0smvjKHBpprL67IK87XMNpUNC9tKN8OXUDxxntyEXSOG2NS9W43J0VhftYFnKDOr+zcS3t0G4hCpsVFGbKkpgDNAUk96A+ng3BW+59NdruWmafkFphRvwAO9nggSKJb67wNW9BihJLStLNfZnPkN+87/uUPWmvyIOH5eTMwLzgDoGUIxFwuj46XOewldLLgb/0LhSdsHnKvdWAJNTt0iWmzs3iV4doczPHzzt7JQB2JlJXDEfeM2TvTeNF/DLKvY9X5dIMr0MwOw5WLwIS7Urd7omT5o/Su5Sl9iyUtHLg2T5sww5SFgcIiKaS9+XEh6QrJhtEpIPD7kNwqo+SqowC29WCXTC46s3GGbf4nfV4XDMOeFKrgkpWTHrA7t5+KN9I16yJhD+saUArH++I5c97iER6MNQNHyOn8AUQzRy8DXzzo0vixNPb/eQ9u+i6+Ie/AvcqtDQ+eU16bwer5V/zZh13z89ORijoAn9iP76wfdR8s/Y2UUuVlNsTdIKSjUq9ScATiOfcreW0t1LqnOqjNJeLJNPy+hW8rqJvc+uSD23UN2faXNX4Z2Athe4D1u7fSM/092nQEHlbKMVR9AjPhJWwW5/AZ9geOmWIwZNZ7ldl4MBkGOJlL86zFZ9OD+8kwR3NTGtVX+7gId+1kp6h8dNTD2EvDON/70AzjqLkajhwLNXrr07btcMG2e56mRVSDhqP0PgOqIBi2JtPnHqxWHkxPpmr6kcjfU3Vx1/3yzbJ5BIeI169g5cob9htsB/g3jqrkEnJ76Dvy7ACeIwXLQeFCBsVaNNXcoFOvD0dW6jAbahwolL13+WkTAn44w/rXQOTFFGDM/9eNOUWIxvcT5eqff9DaaBJQbcPlxNLM821YT0MXrrFxNgOzzU+PXJ40+56SlOJDSIT6/OPJ2rmJxdOPF1mxcn/BCiIrptbcjiRF66zeOD/VUOPsD301TKYMMyLjGpnYORvlL6Wv8CZtL3w40QxhI1K8IIVsK5qnJw4HrFY094g1i7jjoUzwlKjzi0uEGb3jbRm0TnpTtVnYBNMBUrnmLmvRZlBBqehHdRTUcGD8l3gal2onRyi4OQ1sc7HBSJmTrCYB1kApH/IWzQLT/4bDfzwurhNie5jVgasa7vx04yQhFdpDEp/XrNwkdJQdGZiVyX9utIpOBiCpcq0fissZzB4Yl4cROKS6rxpwfpO/DdCavcVfDboGPJXjReVgGC6fNfIA==", "webhookURL": "webhookURL", "clientSecret": "lpsalt:jgcbPJYT+5mDZA== 7gv/DQb03hObXjEczacy65jRPE3foRpbuIwfEjiOua260cHeXJf7F4EFp4g1Vzfrt62jNKoEmDNdF+z5SweuGp7qjyg=", "webhookSecret": "lpsalt:6RX2NHe0VzpnqA== pPBiY0Gqx2MKm8e5SWT2vA+7x9Eo+eu8+rCUiAtYgO3TPE8RnKm0wws=", "ssoEnabled": true}',
        '2025-10-01 00:00:00', '2025-10-01 00:00:00'),
       ('01JAB9XED0GTXBSQDFVYAJ8WK1', 'git-token', 'github', 'localpaas-test', 'active', true,
        '{"user": "tiendc", "token": "lpsalt:Plu+yhxw1HbmNA== rBEZCum9OdYsraYteP+Q3Y7aHrnZIxWjb88oYWMJ+CQuLfmHNCcPJtACeXXeq0r2MSqf8jD9D/esezjy6HwS61jfFpTHG1ph0tAzMeYc4U7I7WsjJsko8UbCWPtbEjKUXUZNkjw7nWJ+oxfr8j2TLLuUg+kcdM9Ghg=="}',
        '2025-10-01 00:00:00', '2025-10-01 00:00:00'),
       ('01JAB9XED0GTXBSQDFVYAJ8WK2', 'git-token', 'gitlab', 'localpaas-test', 'active', true,
        '{"user": "tiendc", "token": "lpsalt:gm8tw+8Lc0bivA== C8x6lh/XiXzJV11bt5Qx8uTn8/nctmtx+V8siciv7vQjfQeYcrbU0sB2CexZXR8Xv7k4J8DDaCeJd6jioBn9A2buiraTHGr30LLUa2VJkHVA5ATVAQ=="}',
        '2025-10-01 00:00:00', '2025-10-01 00:00:00'),
       ('01JAB9XED0GTXBSQDFVYAJ8WK3', 'git-token', 'gitlab-custom', 'localpaas-test', 'active', true,
        '{"user": "tiendc", "baseURL": "https://gitlab.com/api/v4", "token": "lpsalt:gm8tw+8Lc0bivA== C8x6lh/XiXzJV11bt5Qx8uTn8/nctmtx+V8siciv7vQjfQeYcrbU0sB2CexZXR8Xv7k4J8DDaCeJd6jioBn9A2buiraTHGr30LLUa2VJkHVA5ATVAQ=="}',
        '2025-10-01 00:00:00', '2025-10-01 00:00:00'),
       ('01JAB9XED0GTXBSQDFVYAJ8WL1', 'basic-auth', '', 'basic auth 1', 'active', true,
        '{"username": "admin", "password": "lpsalt:DGXrPb7G9lJ8LQ== 4xqN58+MerC2JDkrCvUGVamF+JhzuRo30bRWuVXltNW/Xg=="}',
        '2025-10-01 00:00:00', '2025-10-01 00:00:00'),
       ('01JAB9XED0GTXBSQDFVYAJ8WL2', 'basic-auth', '', 'basic auth 2', 'active', true,
        '{"username": "admin", "password": "lpsalt:xDd5Ce/pyGR8JA== 0emZ9l7PhuKom1qS5vmBKx2TNiqhbbEhqgBe7VDTzAGAGrT/"}',
        '2025-10-01 00:00:00', '2025-10-01 00:00:00'),
       ('01JAB9XED0GTXBSQDFVYAJ8WM1', 'ssl', 'letsencrypt', 'ssl 1', 'active', true,
        '{"email": "tiendc.lp@gmail.com", "keySize": 2048, "provider": "letsencrypt", "privateKey": "lpsalt:535nUJilSSe3Rg== d6To507CJl41x14fG/Z/HIlLIL8WF6vt3ocCuGACbp6o0PpAndwUZ2dPGYMnnzKzvfT2bVaS2WUjOSxBfm0zDORaC2dxAKw4MqpTwiCY+J/nT/cQuUw8wKc+e6kOB4y0qZ61pWCiGP/5dC0Bu8OOXnsADHbfJeD1mx4xIh3prIK/IkAqF+PDd7WN/MAo5JOVrgPKE8+9wrSAeeK6ZvnlvFLvcZPjAAYkJL3NRv6bE6AJ4CEDN2lhJtU+U+4iPAc2+SwW69R97mGJk7fmitEvARikhEyCpZ6/8SbqIdmP9+2bgEPxSg/Lg0uQhcN4COhwQri00/8aaf6gt/TOggzpIdG5esvYgnb/DZXqjcQFLyauITdq7K+G19+m64Bi53/uXHAr0l3uUDHZ8OQQZLLmGQmx3mAJuxAt11EwkHnTr5P3R7Evm5B1tZTbM4C3LbPGVQbzrUmuFAKSNE6CxYB5LQC9jMR3hSpbjnopkNPz9L2xBIzkoAX4TV9zCBIFh+RSwefnbKhBzfONJ3osuAgTgxxjqwuaJjPT3LkCi3j378cWlOKB6/sDQjXnGM9u4ml3JsEv5zCV1efGWDPYjOtWl92y0qjuLLnhzgGD0wIor6iTXO4kQyCOGzI6vobB7v8ud7+QDPpuZhz029QywaHV8KuNn5QkZJVyI3L8LaD/UPeiR8q0MKB+Q3YvwIqI2K9O27BuYicHHfWa0O/Najh/8Tcrl5wIYzdGXDORP0Hn6UtZHd9SjPr1P1dEcONKL1V+AF//x58EWaS/7zZ+z1C2xgre9SLWwfmyRN3xo1DYw9d6cchuffpV0UKWYL6lSm8aOzJKkEOrgGIxoKiyYbLK15VWdtU/kHkwM/m6IZF7yEWmTe50Sgl8k5MccPah0Fg9chuY8vS2cLkFQ5FiRm1gct5JJiFk1NjB2GKRDHiIkKh8YAqJQ9KmzBTVQtWZluT2OWANI3l0QjtfBaebeQEwYLNTi1+TCeKZE3P8iL+/bAG4eHIQKhxqa8C2NPOTj5yWUQA7dUNGEjpYXPaBUpUMGHE0/TfzCFk2bgjUKtHoTEyhYUj6WKd5inLuClLcY9W24GptjYLfc+ZgVKZCI9+Dnyj1UwHLlTEuNEH+3bn/Yxhoaf5tBoJUk4ek3wT9atPxgpDOwMNPaEbTrB5QVKq9LVgUvUNEamWXZAvD3hgpf88gH4dod8BErz7/pM8a4ZZSEecnCl5g+P/UGkAlJZK8ZxPpGCrdGwdzaByeqaMQ5m+SfDZUyzWU5x10FgcvqBqmimm82HAeTxxCGUtBIZxWDhE8dtLcpE+vLwadGxnb7tBgWtN03F+L23Q2vcoeJTZzn7Kyuo7GiLI/Kbi53FkdZMjBpTLK3RwvxYwUkfuoa/FcJ41JT9ndFtWBprs0/QmiejnnqD3MKrh1aCdkPDlhqUiuKN/Z/gQqCm5r/yYeX91zJegZlNaQvJPM390qDJKtDkqBAAqHZKGa8U3q3KX2ZNvninaLb3edtMbL4y6djbdbjYkc5QwjdXmqHIReAo11SSv1f6by0cNgciO/HeEMck+ZvTjQySDdLbdKClKDTLIiPGxDF3N+EER4QZYYStZops1cG+86YKX+ZrmP2qJ4zrJxypviTP9tlsMXmgAys1/pGF8ekjHya1Ahi7TsNu/ldahgLMrqtNYc3qQSFekuzVhxIMcaNTA1vwjCxa8azO0/FCbCeoMUN5CC7kJNnBHI07AQeFkGjb0G4Wp7fS0yUO9URG1BTPEW56EJcdKSfDA5LRZSHbPvHqHRYf1JkRcKTIKlKBpx2oFu2tbaDq0kvfAkjqWT8SgCzb48s4cYbRUub5u3jlKF15u/yrL+NYEMm3fhlji0yHd0sWndJwU4O9r7Y9JDbcAVEtnxDYBXfv2Xsr1knRFMxslBlywQrMjuair8BR01HWW0SAhodaw97RN6LSupdCQnNwdE4rZTld/UHG1mxk3dlW28T4WAMWbORT40dQvDzXG7bUD0lvvERDJD7AgnyiT9QKd1J58UJkMmcPZ+h8IIAbZuiJYHPSYQqYtkAc+HJ8CxLzInchKVXp3OftqrWgaV2j/KqRrfFSESySbTOKaZ3pzm6oO+RmT4pniu6HAzQwTFwiigOQshY8UJ6dmBcVQvnIVLUQivziaaQVmgTw1aGTHIVTw8XuaUe8Rk1yFFXDAQl5oNoGNojkOQGWJzF5iA7XDx2jp01Bkwsu18ZkC0H/9SoGYYTQPhR9+pBD3hV7UCgp94PXOjn7DpGFyXANLYC5TpeWN7gqqHaETsRG0zwdsr9GOTmNcL0PQR", "certificate": "-----BEGIN CERTIFICATE-----\nMIIDGTCCAgGgAwIBAgIUexjQXi2OTGSlYkmqu7oZTXut0uIwDQYJKoZIhvcNAQEL\nBQAwHDEaMBgGA1UEAwwRKi5zd2FybS5sb2NhbGhvc3QwHhcNMjUxMjA1MjA1OTE0\nWhcNMjYxMjA1MjA1OTE0WjAcMRowGAYDVQQDDBEqLnN3YXJtLmxvY2FsaG9zdDCC\nASIwDQYJKoZIhvcNAQEBBQADggEPADCCAQoCggEBAL44m+yT59wtSW52XzfM2eQ9\nQCB2smruHLCZMf3Ok7XwsiVjul68acIC4E/BN+Tx8rVeZMcfdS9DcZ3eW5KH6KRe\neHoVhhyN518HtowK2UcT0o23PV+P5HjvFO+hPymK6vlfrtmeDb0AxIY7M2t8+8yG\n37O/cuaO0Cc2Xnp/Zbx692QPOGdTS8bOeWOuSw+TETEBenTgQHY+PPl8Nza8w7Ou\nbNr42wRoxa/+bR3VfcTmXrHPvU28bScXirFIx+KkPZ0caVH1ZGjXsFut9yr5730s\nr7W7rncwkJABxjXKKH2QJW47Y7V2QAi4Fse2UEcFApbp51Jxv5c2mnqDWurdB8MC\nAwEAAaNTMFEwHQYDVR0OBBYEFBETr5uvCPDDDzb6Hiz8fonCbmFCMB8GA1UdIwQY\nMBaAFBETr5uvCPDDDzb6Hiz8fonCbmFCMA8GA1UdEwEB/wQFMAMBAf8wDQYJKoZI\nhvcNAQELBQADggEBAKcGB36wg06RxzPW4Jlpw0WeKfH9aPsR9PMnKFeOxJHra142\ntvPHG6xjmeB5+pln6MzUiL6S3V59Ht7dG/moV5pbfihNYm+20plH+R5zfFB57nFN\n5gehVvwM2Y8mtG3Nb3j4nD7U3IVy5zNXwpJ38bp3X7kKMvo5w6MNJ6LeGZLqXyWD\n/K60nWgAfDc01uBsi0PzPbqZY2zjXATcYkJlrK0zoknQrsnxTns2NkozXoaNkNmd\nffezHBa+RmIA0sigIlIX2uwWBLC6lwcPKdyGQReE1NcXbmOqL48W7DjTWWt0ff3Z\nC8CgW03fCPbS9dfclY2J3d36oShxAxhA19/zBoY=\n-----END CERTIFICATE-----"}',
        '2025-10-01 00:00:00', '2025-10-01 00:00:00'),
       ('01JAB9XED0GTXBSQDFVYAJ8WM2', 'ssl', 'letsencrypt', 'ssl 2', 'active', true,
        '{"email": "tiendc.lp@gmail.com", "keySize": 2048, "provider": "letsencrypt", "privateKey": "lpsalt:JGkeYnCUG7YDUQ== kxoU2tiQGL523+ER/ypYX5jIQdve8Ro3faaLYAt2webvxEyt2DT2YsTi63CW+d4qnOqCnL2Nt8FPxM1cXEsiVtIP4whUfVMb7N3NC1rBiFa+1ldi+mKRKexq/fCyKH3dt0EJ9zmxqY+vzXc65Wh4jyBtqWZyt0rOq7xpw9Q0ceuaKRjPmF6MvMQCjVM6aq2sCQWntZ8psVvWDzw1K/UpD90CK+XK+IVvIcGcr5Qv+rTByqCN9WZb6jtZCUDd5GsYlG9xezzHV/JnqN4hqct24D9n42kOFpQhITvAMQDrAMMQ/CSP0UtSJdYfP0eUDpmmKOi3p3jpOmNUd/5Z3bp0n1M/hz+SXuzplVfrGnSGKCfA5ifa1DaP6yG3l71OG2tLRRQsOS4mGgCdtDxTAShljTWTI6R8xgJMETiZe22VTNK7tLUTFvxGzC02Uf/akWssMahLFz0m0vfHx/+LQT8aBcpBPTJTxchttFyi00YY0JnSzzhNb3sLl4qOTFlazsAclmQDVXuSwYvE5n2LhrUVEfpSxoLa/4PdEI8Qoo4p3wLpmJPiLp0wpuLHhgQry1aacAhOvwQhDBphnWhcK17LNnNqwGkRmpPplNQKDBcTn7hDWTEz9hcE7TnyilXX17GfpuU+E75Olwz7q1Sl86D4MtYY98FXqfO8ANlpDdX4XVnAb5Y8LIUjRvSXTCmWYLD5mutTKDkzfocoC85hNiFehAiUjDKd3nsxljH2I+tjNXyVrovQOS4E82B7BJ+fd+jDPduhKjd2fW8amFdoC5ytp8lf0PRhCqj+pLMn3PHM7rbZYIdKN7S7hHRT46R+lnIrTpCU00BzfQ+oJfPIszV84Je0lwk7B0AGDMUOdyITzxekOWoxQofhHRWMIaAh2Z4krM2LXup839MzNey4zfV7pE3pDiLzrSm3gK/doYEwcvg2LD2H8AKN5z/mimEEmHn7zPmnEy+hci3syMC7Ra+iEDgZppENenAnn2vfyMwvEbKg7ncKJcI1xdOBSOwzjyDVpqxurb5qJArRRRIQiRrj3OhnjJ+APIvT+7FE36j+Lcf7xxSp56H+wN3l2QuAB3r1eUf46aFj6uN8vvSaHC3Hku41QvYTwu0Vt6eQclWPRswykUuIX9R0V8aslUxoA+hkjQVe2YSS4jnnsLLg8jOptA6pGAgEceP6PB2+QX5bKtkJO5MqNtoCUmVFOK8B6XbDyeQFbgmrCnKDCRMWBvnFsXXHcQ2jbTOiYxM2f+txT2TngszpBnjMYeyQekPewQyD8cpmdD4swFVFolV01MzMyF9e8lKiJRyRWZpchKOIItPf5U1M+5MtA8mM8H4aF+AxFJ9YES+f+nj/NY9evRSmCEkbCKI+RauVRz/eVg3AGlLBv3J8A6yzG681jedkjpYFamW4RZnhQFzHH+P74JkAtEWFgpIFBimRrq98kCV+rM2pSfnMDy3ClyqjMY+72YjgwzO2WCV/qtRfkdI/M+1wqsG6cKYgQvh1dSEVQpsNbhhKt8afbQ43yZvuuM5g7RoiMVzHDjG0W1E+uXaahqdFQ3OpyKc6/tXjl//+NqzYC34gfyJm+oPM9budxjxEwlNNQiG9rmAhxUOQTYSpRv4XA28jE2SY0YOzQANgA5iXhwC1JRCzXsScNTOO60H81Z8XDDED7WDKUMVrHSZQrAn/v9+/XRMzBKDI57t9Vmji0QIY+izMZQntQjdRin2mzrWWb0QFOCWyz+wmA89YqC+UI0ujYUkKG9JcSXn3Ujxfn3zMraC7OfcpS+XMXs1LYK9WAbEY2+6FqTmpZ5uRKPrzQ3PjejNUFszHvw5LL3gljzST5OK+nVDXWhgpwEHisHygYjp1sJ9RZtqu4qOocJYbelmNxXAyzGt9A0gmHcsVPYedTpWzA48ggUMmGGmzax3Iy0UQfcdLW80aVEKxqXC3EssnLYMtFvSJEphcoQb+cdZmHBNi/NVDcHPIA1dzZgZsEyo7aLVixJ5BM3v/WtIA2iEiHol6sOAfVUT4B8VZxTS++NFbq9SEz0XEZiX8bK19xGpZ4tdSEIiaDazu4runsu/FW0Rg5+RtubM3P/67NNEcnPulYr2zkeLJpOlkVfD6fHNRfziNlKP6ibENAvC9roWD/k9WWoMeoSXnKjpzJ6Qcm4K86vyi07bdtD3kexwSBXVHzgoBHQ/7+yAu0WXp8PNOmucX1/KtVqHJs6pCvsfdCPUs3sZsYrCpspw5hy+FVHQRA7rM0uos4zsh5Ug3Z+JqTnKEOf0F/klFPYH2zMiGDYxs+BL7vD83PpBHDHzqY1AC", "certificate": "-----BEGIN CERTIFICATE-----\nMIIDGTCCAgGgAwIBAgIUexjQXi2OTGSlYkmqu7oZTXut0uIwDQYJKoZIhvcNAQEL\nBQAwHDEaMBgGA1UEAwwRKi5zd2FybS5sb2NhbGhvc3QwHhcNMjUxMjA1MjA1OTE0\nWhcNMjYxMjA1MjA1OTE0WjAcMRowGAYDVQQDDBEqLnN3YXJtLmxvY2FsaG9zdDCC\nASIwDQYJKoZIhvcNAQEBBQADggEPADCCAQoCggEBAL44m+yT59wtSW52XzfM2eQ9\nQCB2smruHLCZMf3Ok7XwsiVjul68acIC4E/BN+Tx8rVeZMcfdS9DcZ3eW5KH6KRe\neHoVhhyN518HtowK2UcT0o23PV+P5HjvFO+hPymK6vlfrtmeDb0AxIY7M2t8+8yG\n37O/cuaO0Cc2Xnp/Zbx692QPOGdTS8bOeWOuSw+TETEBenTgQHY+PPl8Nza8w7Ou\nbNr42wRoxa/+bR3VfcTmXrHPvU28bScXirFIx+KkPZ0caVH1ZGjXsFut9yr5730s\nr7W7rncwkJABxjXKKH2QJW47Y7V2QAi4Fse2UEcFApbp51Jxv5c2mnqDWurdB8MC\nAwEAAaNTMFEwHQYDVR0OBBYEFBETr5uvCPDDDzb6Hiz8fonCbmFCMB8GA1UdIwQY\nMBaAFBETr5uvCPDDDzb6Hiz8fonCbmFCMA8GA1UdEwEB/wQFMAMBAf8wDQYJKoZI\nhvcNAQELBQADggEBAKcGB36wg06RxzPW4Jlpw0WeKfH9aPsR9PMnKFeOxJHra142\ntvPHG6xjmeB5+pln6MzUiL6S3V59Ht7dG/moV5pbfihNYm+20plH+R5zfFB57nFN\n5gehVvwM2Y8mtG3Nb3j4nD7U3IVy5zNXwpJ38bp3X7kKMvo5w6MNJ6LeGZLqXyWD\n/K60nWgAfDc01uBsi0PzPbqZY2zjXATcYkJlrK0zoknQrsnxTns2NkozXoaNkNmd\nffezHBa+RmIA0sigIlIX2uwWBLC6lwcPKdyGQReE1NcXbmOqL48W7DjTWWt0ff3Z\nC8CgW03fCPbS9dfclY2J3d36oShxAxhA19/zBoY=\n-----END CERTIFICATE-----"}',
        '2025-10-01 00:00:00', '2025-10-01 00:00:00'),
       ('01JAB9XED0GTXBSQDFVYAJ8WN1', 'email', 'smtp', 'email smtp 1', 'active', true,
        '{"smtp": {"ssl": false, "host": "smtp.gmail.com", "port": 587, "password": "lpsalt:Bnvmb4ScpDv18A== IXTdgLe3cdeElq/lpsF1eUTXsQmGmpbQ0UhyO9T/pNkdapbmGHfOOpHx0GV3EFk=", "username": "techloop.test1@gmail.com", "displayName": "LocalPaas App"}}',
        '2025-10-01 00:00:00', '2025-10-01 00:00:00')
ON CONFLICT DO NOTHING;
