-- Users
INSERT INTO users (id, email, role, status, full_name, security_option, totp_secret, password, password_salt, created_at, updated_at)
VALUES ('01JAB9XED0GTXBSQDFVYAJ8WA1', 'tiendc@gmail.com', 'owner', 'active', 'Tien DC', 'password-only', NULL,
        '\x9e3e99b9f3ba5e6b934715e887cf423e5cfa80259ccb77ed5681e158b0fc0c8e',	'\x1a8594be97a4ddc71c86f19e3cf9f10c',
        '2025-10-01 00:00:00', '2025-10-01 00:00:00'),
       ('01JAB9XED0GTXBSQDFVYAJ8WA2', 'member1@domain.name', 'member', 'active', 'Member 1', 'password-only', NULL,
        '\x9e3e99b9f3ba5e6b934715e887cf423e5cfa80259ccb77ed5681e158b0fc0c8e',	'\x1a8594be97a4ddc71c86f19e3cf9f10c',
        '2025-10-01 00:00:00', '2025-10-01 00:00:00'),
       ('01JAB9XED0GTXBSQDFVYAJ8WA3', 'member2@domain.name', 'member', 'active', 'Member 2', 'password-2fa', '12345678901234567890',
        '\x9e3e99b9f3ba5e6b934715e887cf423e5cfa80259ccb77ed5681e158b0fc0c8e',	'\x1a8594be97a4ddc71c86f19e3cf9f10c',
        '2025-10-01 00:00:00', '2025-10-01 00:00:00')
ON CONFLICT DO NOTHING;

INSERT INTO projects (id, name, status, created_at, created_by, updated_at, updated_by)
VALUES ('01JAB9XED0GTXBSQDFVYAJ8WB1', 'Project A', 'active',
        '2025-10-01 00:00:00', '01JAB9XED0GTXBSQDFVYAJ8WA1', '2025-10-01 00:00:00',	'01JAB9XED0GTXBSQDFVYAJ8WA1'),
       ('01JAB9XED0GTXBSQDFVYAJ8WB2', 'Project B', 'active',
        '2025-10-01 00:00:00', '01JAB9XED0GTXBSQDFVYAJ8WA1', '2025-10-01 00:00:00',	'01JAB9XED0GTXBSQDFVYAJ8WA1'),
       ('01JAB9XED0GTXBSQDFVYAJ8WB3', 'Project C', 'locked',
        '2025-10-01 00:00:00', '01JAB9XED0GTXBSQDFVYAJ8WA1', '2025-10-01 00:00:00',	'01JAB9XED0GTXBSQDFVYAJ8WA1')
ON CONFLICT DO NOTHING;

INSERT INTO project_envs (id, name, project_id, display_order, created_at, created_by, updated_at, updated_by)
VALUES ('01JAB9XED0GTXBSQDFVYAJ8WC1', 'development', '01JAB9XED0GTXBSQDFVYAJ8WB1', 0,
        '2025-10-01 00:00:00', '01JAB9XED0GTXBSQDFVYAJ8WA1', '2025-10-01 00:00:00', '01JAB9XED0GTXBSQDFVYAJ8WA1'),
       ('01JAB9XED0GTXBSQDFVYAJ8WC2', 'production', '01JAB9XED0GTXBSQDFVYAJ8WB1', 1,
        '2025-10-01 00:00:00', '01JAB9XED0GTXBSQDFVYAJ8WA1', '2025-10-01 00:00:00', '01JAB9XED0GTXBSQDFVYAJ8WA1'),
       ('01JAB9XED0GTXBSQDFVYAJ8WC3', 'alpha', '01JAB9XED0GTXBSQDFVYAJ8WB2', 0,
        '2025-10-01 00:00:00', '01JAB9XED0GTXBSQDFVYAJ8WA1', '2025-10-01 00:00:00', '01JAB9XED0GTXBSQDFVYAJ8WA1'),
       ('01JAB9XED0GTXBSQDFVYAJ8WC4', 'beta', '01JAB9XED0GTXBSQDFVYAJ8WB2', 1,
        '2025-10-01 00:00:00', '01JAB9XED0GTXBSQDFVYAJ8WA1', '2025-10-01 00:00:00', '01JAB9XED0GTXBSQDFVYAJ8WA1')
ON CONFLICT DO NOTHING;

INSERT INTO project_tags (project_id, tag, display_order)
VALUES ('01JAB9XED0GTXBSQDFVYAJ8WB1', 'tag 1', 0),
       ('01JAB9XED0GTXBSQDFVYAJ8WB1', 'Tag 2', 1),
       ('01JAB9XED0GTXBSQDFVYAJ8WB2', 'Tag 3', 0),
       ('01JAB9XED0GTXBSQDFVYAJ8WB2', 'my tag', 1)
ON CONFLICT DO NOTHING;

INSERT INTO apps (id, name, status, project_id, project_env_id, created_at, created_by, updated_at, updated_by)
VALUES ('01JAB9XED0GTXBSQDFVYAJ8WD1', 'Backend', 'active', '01JAB9XED0GTXBSQDFVYAJ8WB1', '01JAB9XED0GTXBSQDFVYAJ8WC1',
        '2025-10-01 00:00:00', '01JAB9XED0GTXBSQDFVYAJ8WA1', '2025-10-01 00:00:00', '01JAB9XED0GTXBSQDFVYAJ8WA1'),
       ('01JAB9XED0GTXBSQDFVYAJ8WD2', 'Frontend', 'active', '01JAB9XED0GTXBSQDFVYAJ8WB1', '01JAB9XED0GTXBSQDFVYAJ8WC1',
        '2025-10-01 00:00:00', '01JAB9XED0GTXBSQDFVYAJ8WA1', '2025-10-01 00:00:00', '01JAB9XED0GTXBSQDFVYAJ8WA1'),
       ('01JAB9XED0GTXBSQDFVYAJ8WD3', 'Redis', 'active', '01JAB9XED0GTXBSQDFVYAJ8WB1', '01JAB9XED0GTXBSQDFVYAJ8WC1',
        '2025-10-01 00:00:00', '01JAB9XED0GTXBSQDFVYAJ8WA1', '2025-10-01 00:00:00', '01JAB9XED0GTXBSQDFVYAJ8WA1'),
       ('01JAB9XED0GTXBSQDFVYAJ8WD4', 'Postgres', 'active', '01JAB9XED0GTXBSQDFVYAJ8WB1', '01JAB9XED0GTXBSQDFVYAJ8WC1',
        '2025-10-01 00:00:00', '01JAB9XED0GTXBSQDFVYAJ8WA1', '2025-10-01 00:00:00', '01JAB9XED0GTXBSQDFVYAJ8WA1')
ON CONFLICT DO NOTHING;

INSERT INTO app_tags (app_id, tag, display_order)
VALUES ('01JAB9XED0GTXBSQDFVYAJ8WD1', 'tag 1', 0),
       ('01JAB9XED0GTXBSQDFVYAJ8WD1', 'Tag 2', 1),
       ('01JAB9XED0GTXBSQDFVYAJ8WD2', 'Tag 3', 0),
       ('01JAB9XED0GTXBSQDFVYAJ8WD2', 'my tag', 1)
ON CONFLICT DO NOTHING;
